Join Date,Name,Completed
"Jul 1, 2020, 8:14:41 AM",July Running Challenge,false
"Aug 28, 2020, 6:18:19 AM",August 5K,true
"Aug 28, 2020, 8:25:01 AM",August 10K,true
"Aug 28, 2020, 8:25:53 AM",September Running Challenge,true
"Aug 28, 2020, 8:26:26 AM",September Running Endurance Challenge,false
"Aug 28, 2020, 8:26:42 AM",September Half Marathon,true
"Aug 28, 2020, 8:26:53 AM",September 5K,true
"Aug 28, 2020, 8:26:54 AM",September 10K,true
"Aug 28, 2020, 8:27:05 AM",September Running Distance Challenge,false
"Aug 28, 2020, 8:27:08 AM",September Run Climbing Challenge,false
"Aug 30, 2020, 5:55:25 PM",August Half Marathon,true
"Aug 30, 2020, 5:55:42 PM",August Running Challenge,false
"Sep 1, 2020, 5:16:06 PM",Saucony September Sixty,true
"Sep 1, 2020, 9:46:28 PM",The Gatorade Mode 50K Challenge,true
"Sep 2, 2020, 7:04:02 AM",September Strength Training Challenge,false
"Sep 2, 2020, 7:06:39 AM",Run Your Local Mountain with On,true
"Sep 2, 2020, 7:49:10 PM",Le Col Tour Challenge,true
"Sep 3, 2020, 12:32:47 PM",New Balance Virtual 10km,true
"Sep 6, 2020, 2:00:28 PM",Kickoff to Kinnick Hawkeye’s for the Kids Challenge,true
"Oct 1, 2020, 5:54:10 PM",October Running Challenge,false
"Oct 1, 2020, 5:54:19 PM",October Running Endurance Challenge,false
"Oct 1, 2020, 5:54:26 PM",October Half Marathon,false
"Oct 1, 2020, 5:54:27 PM",October 5K,true
"Oct 1, 2020, 5:54:29 PM",October 10K,true
"Oct 1, 2020, 5:54:36 PM",October Running Distance Challenge,false
"Oct 1, 2020, 5:54:43 PM",October Run Climbing Challenge,false
"Oct 1, 2020, 5:54:51 PM",Le Col Giro Challenge,false
"Oct 1, 2020, 5:55:22 PM",October Cycling Distance Challenge,false
"Oct 1, 2020, 5:55:27 PM",October Cycling Climbing Challenge,false
"Oct 1, 2020, 5:55:29 PM",October Gran Fondo,false
"Oct 1, 2020, 5:55:40 PM",Ride for Challenged Athletes Foundation,false
"Oct 1, 2020, 5:55:43 PM",October Cycling Endurance Challenge,false
"Oct 1, 2020, 5:55:48 PM",October Cycling Challenge,false
"Oct 30, 2020, 9:15:21 PM",November Running Challenge,false
"Oct 30, 2020, 9:15:24 PM",November Running Endurance Challenge,false
"Oct 30, 2020, 9:15:25 PM",November Half Marathon,false
"Oct 30, 2020, 9:15:28 PM",November 5K,true
"Oct 30, 2020, 9:15:29 PM",November 10K,true
"Oct 30, 2020, 9:15:33 PM",November Running Distance Challenge,false
"Oct 30, 2020, 9:15:34 PM",November Run Climbing Challenge,false
"Oct 30, 2020, 9:15:40 PM",November Favorite Way 400K,false
