Comment Date,Comment
"Sep 1, 2020, 4:52:24 PM","Hey Everyone, I know this is probably not the right place to ask but in sloviansk area are the any crags for climbing or white water for kayaking?"
"Sep 6, 2020, 2:01:42 PM",nice. in krematorsk? do u guys ever meet.in sloviansk?
"Sep 6, 2020, 2:02:13 PM",what time do u all meet Olga :) and where. 
"Sep 6, 2020, 3:24:53 PM",Thanks Alexander :)
"Sep 6, 2020, 3:36:09 PM",Newcastle UK but i havent been home for 7 years and to be honest I think I can relate to the people here.more than those back home. But I ve never really liked UK anyways
"Sep 6, 2020, 3:38:37 PM","my wifes from sloviansk, been together 7 years, 2 years here before maidan,then a year after we went to china for 3 years.and then we just came back last year (to kiev) but because of covid we decided to move to sloviansk"
"Sep 7, 2020, 6:55:32 AM",[strava://athletes/57714695/21]Александр Краснощеков I only have facebook :) My cat has instagram :p
"Sep 7, 2020, 6:57:53 AM",[strava://athletes/27445020/19]Yevhen Myrhorodskyi Nice :) having a team is like having a family. Harder they work together closer they become
"Sep 10, 2020, 6:27:12 PM",Do you want.to come for a cycle ride from sloviansk to Krematorsk on Saturday?
