Following Athlete ID,Follow Status,Created At
9429519,Accepted,"Jul 27, 2020, 4:33:58 PM"
37438081,Accepted,"Jul 27, 2020, 4:33:59 PM"
3731200,Accepted,"Jul 27, 2020, 4:34:01 PM"
4063581,Pending,"Jul 27, 2020, 4:34:04 PM"
24494216,Accepted,"Aug 31, 2020, 11:52:19 AM"
41354816,Accepted,"Aug 31, 2020, 11:52:31 AM"
62031215,Accepted,"Aug 31, 2020, 11:52:34 AM"
60743429,Accepted,"Aug 31, 2020, 11:52:36 AM"
31546753,Accepted,"Aug 31, 2020, 11:52:40 AM"
9468075,Accepted,"Aug 31, 2020, 11:52:41 AM"
32073299,Accepted,"Aug 31, 2020, 11:52:43 AM"
27445020,Accepted,"Aug 31, 2020, 11:54:38 AM"
44767798,Accepted,"Aug 31, 2020, 11:55:14 AM"
41525754,Accepted,"Aug 31, 2020, 11:55:24 AM"
49541579,Accepted,"Sep 1, 2020, 7:02:44 AM"
27564187,Accepted,"Sep 1, 2020, 7:03:56 AM"
4905632,Pending,"Sep 1, 2020, 7:05:13 AM"
49975569,Accepted,"Sep 1, 2020, 5:00:57 PM"
21874455,Accepted,"Sep 2, 2020, 4:28:47 PM"
34619008,Accepted,"Sep 2, 2020, 8:42:41 PM"
44539301,Accepted,"Sep 2, 2020, 8:47:04 PM"
46073123,Accepted,"Sep 2, 2020, 8:48:05 PM"
46339848,Accepted,"Sep 3, 2020, 4:39:58 AM"
22598648,Accepted,"Sep 3, 2020, 7:52:48 AM"
5099111,Accepted,"Sep 3, 2020, 3:35:40 PM"
34436502,Accepted,"Sep 6, 2020, 9:34:33 AM"
39305901,Accepted,"Sep 6, 2020, 1:30:36 PM"
32221377,Accepted,"Sep 8, 2020, 6:33:32 PM"
60412041,Accepted,"Sep 15, 2020, 11:04:45 AM"
31464416,Accepted,"Oct 20, 2020, 8:23:25 AM"
60474603,Accepted,"Oct 20, 2020, 9:25:49 AM"
46684278,Pending,"Nov 1, 2020, 4:01:37 PM"
41930841,Accepted,"Nov 8, 2020, 10:36:48 PM"
65205824,Accepted,"Nov 8, 2020, 10:36:56 PM"
