Promotion Seen,Timestamp
Feed Follow Option Coachmark,1595090590
Grade Adjusted Pace Activity Detail Upsell,1593592040
Grade Adjusted Pace Activity Detail Upsell,1593592096
Grade Adjusted Pace Activity Detail Upsell,1595157845
Grade Adjusted Pace Activity Detail Upsell,1603182253
Grade Adjusted Pace Activity Detail Upsell,1604164333
Grade Adjusted Pace Activity Detail Upsell,1604164339
Grade Adjusted Pace Activity Detail Feature Education,1598997248
Grade Adjusted Pace Activity Detail Feature Education,1599076494
Grade Adjusted Pace Activity Detail Feature Education,1599302965
