Photo Filename,Photo Caption
photos/28108a24-2255-4b99-aa27-3bd29096248f.jpg,""
photos/7b775b2f-615d-451f-99df-2c1926652cf8.jpg,""
photos/f8510093-aa5f-4d5a-acf8-b436b8d2d467.jpg,""
photos/0f788a7d-475e-47ad-9fe4-8710dc898bf9.jpg,""
photos/4faab9c6-feab-429c-872b-6fbdcb694d85.jpg,""
photos/82a4f39d-2b6b-4327-b7f0-6a0210c71ae6.jpg,""
photos/e462c8cc-b0f5-47f1-8ee9-7418c61d39e3.jpg,""
photos/ed7b80c2-715a-4d43-a7c1-2740c28f039f.jpg,""
photos/3f4e8425-3e3a-4dbd-88e2-cf4e2cba0d95.jpg,""
photos/4118534f-f188-4b44-b29a-fd4b429ed1d4.jpg,""
photos/e6701894-6d0f-4ca4-afd9-37325081adba.jpg,""
